id,track name
3239OdTeQMBphegyNvF8F3,Pour the Milk
6DBxqaOQaPglZuZ4wV9eCd,I Gotta Feeling
5mryOibD4ckyKHxVTTR7ZA,Unify
2t2ZWNGHKBD0egqxtCLloy,Paradise - Acoustic
1ICPREUY4yMNeFEgbNh7D5,Make You Mine (feat. Moa Lisa)
2S5KlgWsJKINTt8VhH7ZR2,Lose Control
2tXlRosY0nvmJvbrcQN7PS,My Boy (Meduza Remix) - Edit
4zTnEW54zezqmWyeGibRGV,Turn Me On - Extended
5RMnolYaelPfOVS2Kbhu5j,Spectrum (Say My Name)
6rAfxNsI3zMTDgi1CSOzUU,Heroes (We Could Be) [Originally Performed by Alesso feat. Tove Lo] [Karaoke Version]
23L5CiUhw2jV1OIMwthR3S,In the Name of Love
6h5PAsRni4IRlxWr6uDPTP,More Than You Know
6BUhaCvC3VG4HZwyNLRhWm,Momentum
2FYVldsDrKYzQebSvqHpEz,We Found Love (Rihanna feat. Calvin Harris Remake)
0tgbSxoFjZ20MjfoKwWevV,Your Love
4TuNI3WEMyLQAKRMJmcQdA,Narco
6Yj9Ni70iiKAzRT3psNA37,Where The Sun Goes (feat. Stevie Wonder) - Future Extended Mix
4lhqb6JvbHId48OUJGwymk,Hey Brother
11QPUoy6AH0POlX1RgrEsn,What The Funk (feat. Danny Shah) - Steve Aoki Remix
4n43A4xPjyvukArXMv9Y0m,The Hum
5e45GhSF18JYoLpaq2F48h,"Azukita (Steve Aoki, Daddy Yankee, Play-N-Skillz & Elvis Crespo) (feat. Elvis Crespo)"
7nH8ks1wDXYW13fAJP99jH,Straight Into The Fire
46rZgRYU1H5Xnv0n75OGis,Deep Down Low
5K57Yibvj9Aceq9Mv1xo8P,Hey Boy Hey Girl
2mX24O9SfPDMyH3sNDclJD,Don’t Stop Believin' - Workout Mix 128 BPM
2FBWraQveQ9EjEzHam95Up,Gorilla
00pPwK5rjix7ZohwsKcq99,Helicopter - Original Mix
62feRreeM9ea7i2VHVSKrg,Freaks
5HJqLDDjgdhON8LL9U3Oa3,Bomb A Drop
0gxGuvGAGfc41ujvTtXE2H,Animals
0DmAvNCAK08oCi7miSZUIY,Lasting Lover
2SAqBLGA283SUiwJ3xOUVI,Laugh Now Cry Later (feat. Lil Durk)
72RFLY7sigTDszBRAKg9Mf,Like A Bitch - Extended Mix
60pEyAzL6SQZM9Nv739Whc,Shots - LMFAO feat. Lil Jon (Party Rock)(Instrumental)
3MEYFivt6bilQ9q9mFWZ4g,Alone
1LToyfnrRiLfE9FAwajPLv,La Mancha Screwjob
5ngvxZxDHlytSsaaPcVQ73,Grounded
2fBEJh8uu5rskaSLJ5XDrY,"Old Town Road (Seoul Town Road Remix) [Originally Performed by Lil Nas X, RM and BTS] [Instrumental]"
1KtU0WCq472KzqCXgMOxkS,That's What I Like - Alan Walker Remix
5i6TvG09bEH7b6rFuJkyij,Come & Go
3NEjuId3qYDT482ykUBbeI,Get A Bag
7hxHWCCAIIxFLCzvDgnQHX,"Lemonade (feat. Gunna, Don Toliver & NAV)"
6EDO9iiTtwNv6waLwa1UUq,POPSTAR (feat. Drake)
2T5NBwKRySiCR78vVk08vr,BLIND (feat. Young Thug)
3gTK8TzE4on9Xe05QlVIFI,Big Booty (feat. Megan Thee Stallion)
466cKvZn1j45IpxDdYZqdA,Toosie Slide
35RJhm1pEovTBwnNR0zWad,GREECE (feat. Drake)
73PUc2G469kE7CVuEiPmNP,Rivals (feat. Future)
2fPnuTUc13NBh4cvrlUCR6,Gangsta Zone
0E6HVf8mArQDVpD4Ffzonv,Work (オルゴール) [オリジナル歌手:Rihanna feat. Drake]
3tjFYV6RSFtuktYl3ZtYcq,Mood (feat. iann dior)
696DnlkuDOXcMAnKlTgXXK,ROXANNE
5mSIxGiP0K9ubBZTF6dytY,Paper Planes - Afrikan Boy & Rye Rye Remix
4HDCLYli2SUdkq9OjmvhSD,BELIEVE IT
7DFnq8FYhHMCylykf6ZCxA,Yo (Excuse Me Miss)
1IIKrJVP1C9N7iPtG6eOsK,Go Crazy
2E5RQ54P4GP9AI9p5vtZuz,Umbrella - Made famous by Rihanna Ft. Jay Z
61LtVmmkGr8P9I2tSPvdpf,Teach Me How to Dougie
1JClFT74TYSXlzpagbmj0S,California Love - Original Version
7ycWLEP1GsNjVvcjawXz3z,Praise The Lord (Da Shine) (feat. Skepta)
7qL7yiDtoOrebjZLK4Vfgx,La Isla Bonita - Mad Morello & Igi Remix
4Keq8d63cPQyTjsxcSmumj,Praise You - Purple Disco Machine Extended Remix
1HgM1NOTcUQ3RAJszQCw03,Body Funk - Edit
5GzQJyBlWxG7OYvVDlWXzO,The Morning After - Purple Disco Machine Re-Work
7akym8cRJdKRQvhH7F9PiC,In Her Eyes (feat. Andre Espeut) - Purple Disco Machine Edit
5yQqZ8ZGLSvU1Y0clnHG3C,He's the Greatest Dancer - Dimitri from Paris Remix
3Jv0B1CDiULHBq5c7q5XAM,Saturday Night Fever
5nRp6DhuxolEIW3PuCBbVt,Let's Go Dancing (feat. Amy Douglas) - Dimitri From Paris Remix
6Z6my7Cpi5BongU2fsY96l,September '99 - Phats & Small Remix
0weAUscowxeqDtpCgtbpgp,Gettin' Jiggy Wit It
0v6ZkVp2N6UQffv198Kn01,Jackin Souls
0L2DHyqL5HkV34dSCylYgN,You’re the Only Good Thing (That’s Happened to Me)
4vVTI94F9uJ8lHNDWKv0i2,Eenie Meenie
0RPGPbmSROzvlLlHII7x3T,We Want Some Pussy
5dQoiFgCihmn0a20e92xMZ,Let's Play House - Laurent Simeca Remix
4pJyvYP5klY5DK84dN3q90,Joys - Purple Disco Machine Extended Remix (Mixed)
6wp5tGVNQYpKJPo1s3WUEY,Liquid Spirit - Claptone Remix
3j5X0W7g5n3A6tzmaqtCei,SOS
1QMi9XPFQAlgtkAdvDBmAy,EASY TASTY
3gDL3aHnWzcJYjJjjjT5sV,Sister - Original Club Mix
7p10mpIvaZeNWf4NvU2url,ウマーベラス
2yvm5hS0vbKms0tMWuNnbd,"Get Down, JB! - Radio Mix"
3H7ihDc1dqLriiWXwsc2po,Breaking Me
2UTkrH42hnkbOxWY4JFv5x,EASY TASTY
2JP7p3KiVmCwYMzs0xxltq,Time Out - Original Club Mix
2zIaYiQtRHfUwpqZLOW55l,Changes (feat. Haze) - Accapella
72iUWrYQg8cGRk8cHUramY,That's the Way (I Like It)
4ARnte9zRykgVqto6j7LMp,Superstition - Single Version
2bJvI42r8EF3wxjOuDav4r,Time of Our Lives
3JA9Jsuxr4xgHXEawAdCp4,Just Can’t Get Enough
7EmpNS8MtLInojpTKk1icH,Erotic Tendencies (feat. Desmond 'DSP' Powell) - Honey Dijon & Luke Solomon's Feel Like Dancin' Remix
5VEzhcUvc3gQ7tvZY0ajEX,"Get Down, JB! - Radio Mix"
0UOKYamx2rZB4HYjedYFxn,Puttin' On the Ritz
1gsnWXeNlbfoHpaGRi4oQ0,Two Can Play That Game - Radio Edit
2n8MljbnEk88smZ2TEZtUG,Falling
51PJ2iCdBMEfxtVk3iy4p1,You Da One - Album Version (Edited)
6Ehy8wRUYjAZcMMRCxMZVM,Moving On
64TkpV7m7f09JY7K436pju,That's What I Like - PARTYNEXTDOOR Remix
2ludbmtPoyCPe2K08fAlFl,Helium (Sia vs. David Guetta & Afrojack)
6OQSZPMhy4CeOM1V9uxK8G,In This House (feat. Gucci Mane)
3uXHSf9sSIpOJWuC1H8DiU,Talk - Disclosure VIP
3Vo4wInECJQuz9BIBMOu8i,Finesse - Remix; feat. Cardi B
1BEMASUZQDqN5UGxMb1m6A,That's What I Like (feat. Gucci Mane)
0he909ZlMUk631mzXeSgq4,Cut You Off
3CA9pLiwRIGtUBiMjbZmRw,Nice For What
6LxEtvMKSwmPdd5Fh1PCof,Young Dumb & Broke REMIX (feat. Rae Sremmurd & Lil Yachty)
0v9Wz8o0BT8DU38R4ddjeH,No Problem (feat. Lil Wayne & 2 Chainz)
3r6Am8NvUDbuS2Yqv76ivi,One Love
4uTvPEr01pjTbZgl7jcKBD,NASA
1dGr1c8CrMLDpV6mPbImSI,Lover
35mvY5S1H3J2QZyna3TFe0,positions
331ydluzDK0RrjnhrcS4j8,Whatcha Say - Klubjumpers Remix
0pSBuHjILhNEo55xK1zrRt,Rolex
7AaVKuAuvoE7ZIVCqzzQYc,XO Tour Llif3
0UC4fdX15BLQYKXJRPifxM,Richer Than Errybody (feat. YoungBoy Never Broke Again & DaBaby)
7vGGAJBkHKxKtOnGjQduDV,Saturday Nights
34gCuhDGsG4bRPIf9bb02f,Thinking out Loud
6XJb09l4jWxqWnnlh4eAgp,Badd Bitches Only (feat. Pastor Troy & Price Tag)
4hPpVbbakQNv8YTHYaOJP4,One Thing Right
3wFLWP0FcIqHK1wb1CPthQ,fake smile
4eOcd47wPU3ixxYw0spREl,Let Me In (20 CUBE)
360CBPJ9q0T1gkgZuMGI07,California King Bed (Originally Performed By Rihanna) [Karaoke Version]
74pvipHofLfYpaOkZGwUQS,Sorry
0VwNdo84DaVYLIkbVO86ND,We Are Never Ever Getting Back Together
2eOTEXYTvhCEzyeEf7uuTD,Original Rebel
13M4Mzsp3HK3lbUJbWNW6l,"Watch Out for This (Bumaye) [feat. Busy Signal, The Flexican & FS Green]"
7lF2jb4fv5KL4ODcqU3gwc,Light It Up (feat. Nyla & Fuse ODG) - Remix
5y0ekFHNfFbjKhZlguSzdf,Dinner Guest (feat. MoStack)
2YmxLZJZcasgzyJi4SD4Ts,Marihuana
6cy3ki60hLwimwIje7tALf,RITMO (Bad Boys For Life)
2JosC6dbfPW6NGNFPeBi7n,Taki Taki
5xBafmhrJzzMsd1dxErIbJ,Nothing Breaks Like a Heart - Don Diablo Remix
3Q7kjtIFCyZX0X9Dwk4gTQ,Booyah 2018 Remixes (feat. We Are Loud & Sonny Wilson) - Breathe Carolina Remix
2Fxmhks0bxGSBdJ92vM42m,bad guy
37FfCz1YODL6NAuWfxUzJh,Left Right
3oZoXyU0SkDldgS7AcN4y4,Get Low
3BjAH27a3hZLdAH3kgGY37,Party Rock Anthem
1iNeZGJsoC0D7ZyJTdIbDS,Technologic
4aTtHoSBB0CuQGA6vXBNyp,Home (feat. Bonn)
0FeLLeCEVH5n3r4SvckpT4,Bodak Yellow
2zRDFRkkqaYugezNJaRAVF,"Variations On ""La ci darem la mano"", Op. 2: Thema. Allegretto"
5wYWRJLy9Hl5sxdmMLsMXp,Fancy (feat. Charli XCX)
3cHyrEgdyYRjgJKSOiOtcS,Timber (feat. Keha)
2S1LebN6AXXQqJolBxlWgO,Earth
1ykn6r2P7DV1WiIR7yEnvQ,Good Things Happen When Ya Drunk
0w2AqrJ9afRXiTgfgW4tLd,Kissing Strangers
5f6igUw1asUL4AGXSvgTW8,Levels - Skrillex Remix
2exkj1jr9qARyZvRn1dKZp,Wild Ones (feat. Sia)
5WQQIDU3HRaMyPkob8mpFb,Where Have You Been
4cT4iCMSOQQxpTzLuOs5d3,Sun Goes Down (feat. MAGIC! & Sonny Wilson)
07nH4ifBxUB4lZcsf44Brn,Blame (feat. John Newman)
4tCtwWceOPWzenK2HAIJSb,Work from Home (feat. Ty Dolla ign)
0QIjsbm2fh1cJ45XO9eGqq,Wake Up in the Sky
2xLMifQCjDGFmkHkpNLD9h,SICKO MODE
67awxiNHNyjMXhVgsHuIrs,Turn Down for What
281tmNk46TBQS9ACYMLYyA,Dance The Night Away
5ubwXXOsH9bUhZsQ0Cybha,Level Up
1giZzxMTWeFnwKZHigoowU,"It's My Beat - 7"" Single Version"
2Pb8lC0cUaoOLGWHg7yiLO,Lean Back - NGHTMRE Remix
0aym2LBJBk9DAYuHHutrIl,Hey Jude - Remastered 2015
0qxtQ8rf3W1nId3D2r0xH4,"I Just Can't Wait to Be King - From ""The Lion King""/Soundtrack Version"
4dHLeKmHhjyu1pfzE1j9Ac,How We Do - Original Mix
3bvjsHQd792zIO4SKFxXKs,Love on Me
1Zw8k3YzoBfowauULQO3jS,I WOKE UP
4FldXs1bcL6WUrpOcENkfD,TODO BUENO
1dqAW18r3tHyy4Ou7PjB9e,DURO HARD
255SxSI0xpmiPKg5gyzOLO,MABUTI
116H0KvKr2Zl4RPuVBruDO,MIA (feat. Drake)
6Hx9gLuAKkOfoZoL79OSI1,Let Me Love You - Marshmello Remix
1yQYQVHlpgFTADWKB9zUov,"Boom (feat. MOTi, Ty Dolla ign, Wizkid & Kranium)"
04YutdH0j1INpsva3gOipt,MAMACITA
0pGC7cwCOakpvCFYiawNhM,FEEL THE BEAT
6U2NuJILEOEpW2tVCuqKHb,Dura - Remix
2iQQidFqAvLgQyV0CvfBUC,NEWS TODAY
27u7t9d7ZQoyjsCROHuZJ3,Tick Tock (feat. 24kGoldn)
5Xn4IyTtW6FUGIUyWjbUHG,Goodbye (feat. Nicki Minaj & Willy William)
4MV3y1rxojIWLDLMqf6D5d,CELEBRATE
6SK7VPnSeUAjWlNryLa2zn,GET LOOSE NOW
4X2fkLWuleECUWrhpZ2yaQ,Hey Ma (with Pitbull & J Balvin feat. Camila Cabello) - Spanish Version
4qxhFbUE7KXdqrNMcfUsqD,ACTION
1clKJlcPmm4BY9TkXKQxso,NO MAÑANA
1zLBsSVxETQOfINOLYvT5m,GIRL LIKE ME
6OqyEdTrKOLRa4MDLNO34U,TONTA LOVE
6c6Pr4ALb2SD7j7UnS5YDE,VIDA LOCA
6m5JQ8osGRHPqoRRbiRiEE,Coño - Henry Fong Remix
7ytR5pFWmSjzHJIeQkgog4,ROCKSTAR (feat. Roddy Ricch)
0U6bQIAh6MCGo1xjbIIx2S,Instagram
43H3q2NWT9LCuYS1B5IUvV,Our Song
0fB15OtLEQxBEblboSqowm,Whatta Man - Radio Edit
6VoIBz0VhCyz7OdEoRYDiA,Say It Ain't So
2y3gQq0mTJlfLCkPgUmlAt,Say It Ain't So
7LzdE75Ii1HLGWhhIJK4hD,Mexican Fender
2cOUlop2ZakjOKe4WinesN,Slow Hands
4My8w8AA1JpG6E5SiAPvJL,Kiss You
2qPUnoasNe4Ep43emVXEig,Billionaire (feat. Bruno Mars)
6rPO02ozF3bM7NnOV4h6s2,Despacito - Remix
463PQggkmk5tTw8ug0ahOX,The Other Side (from Trolls World Tour)
2xO9oyc7OLM8TkggmyrB0l,Enzo
65Y5yLFX0ZVgGHCyHgBgIy,Reggaetón Lento (Remix)
6c5kEAB51w9DmO7DAnabqv,All for Love (feat. Kodaline)
50xBj1tyKAnTLVvKE4ZL5D,Despacito - Remix
1ssmjAYSU5PbmsjLq5yrNH,Never Give Up
7qiZfU4dY1lWllzX7mPBI3,Shape of You
47W6YR93MPCGLEUReLMyDm,Virtual Insanity - Remastered
09CtPGIpYB4BrO8qb1RGsF,Sorry
4VgYtXCVJ7IbWAZ5ryfvEQ,Muévelo
2uib8nytX63WABzJ3KJYYy,Mala (feat. Becky G & De La Ghetto) - Remix
7bYZBVrnRfqeaPbhRyEvK3,Thrift Shop (feat. Wanz)
1CmUZGtH29Kx36C1Hleqlz,Thrift Shop (feat. Wanz)
6kex4EBAj0WHXDKZMEJaaF,Swalla (feat. Nicki Minaj & Ty Dolla ign)
4LwU4Vp6od3Sb08CsP99GC,The Next Episode
7mldq42yDuxiUNn08nvzHO,Body Like A Back Road
4MSS2KVGGIQgFnEd7IKCJP,Talk Dirty (feat. 2 Chainz)
6WMhHZ8DK94KXzJVMXzig5,Problem
7Deab1qNhkyO5q6rXmVLkO,Dirty Work
219CVJWpOs08oZP5OOA5V1,WALK THIS WAY
0TwBtDAWpkpM3srywFVOV5,Crazy In Love (feat. Jay-Z)
1fBXSMOusjaj7GjzErHmUI,Loco Contigo
5icOoE6VgqFKohjWWNp0Ac,Here With Me
6b8Be6ljOzmkOmFslEb23P,24K Magic
55h7vJchibLdUkxdlX3fK7,Treasure
7CKfP7ge1Er4CAzgK0OtyC,Finesse - Pink Panda Remix; feat. Cardi B
5n8Aro6j1bEGIy7Tpo7FV7,Fuck Tha Police
5IaHrVsrferBYDm0bDyABy,Taste (feat. Offset)
33YmfTNoLnbkRnOjf7YIVm,Lean On (feat. MØ & DJ Snake)
5a0nHa7F4S9hb0Zi0zLS8w,SUGA's Interlude
6SUocL0caib4mLHe8ZrZzi,Sun Comes Up (feat. James Arthur)
4iQ3tFfAcUdOqfGp6QpbV1,Señorita
0Zi6U5jyo9K6LnAtxzaGNh,I Love Your Smile
6v3KW9xbzN5yKLt9YKDYA2,Señorita
5hoQytfNhK4F7CYzp5nQdG,"Loca - English Version / Ao Vivo Espaço Das Americas,Sao Paulo,Brasil/2011"
6YMPu36VGIknb8Ey1ohW3j,Loca (feat. Dizzee Rascal)
4nVBt6MZDDP6tRVdQTgxJg,Story of My Life
1D4PL9B8gOg78jiHg3FvBb,Love Story
0puf9yIluy9W0vpMEUoAnN,Bang Bang
0RNX5XnerKpc1XfbuXRYqP,Trumpets
0RiRZpuVRbi7oqRdSMwhQY,Sunflower - Spider-Man: Into the Spider-Verse
1DhRbox3xkceP64k3JeYfW,Antisocial (with Travis Scott)
0dj1CtyRxZ4bnIT4Q20jNT,Wake Up Alone
7sWRlDoTDX8geTR8zzr2vt,Hollywood's Bleeding
6ILpnOUHollfHp4xWH7nqV,Happy Hour
6FtnnIxBSt7hu0XiNFJ8Uv,Dare (La La La) - Dirtyloud Remix
2CsUpzZJZaOermNw9uhfi0,Any Friend of Diane's
2Cy7QY8HPLk925AyNAt6OG,Black or White - Single Version
1OAh8uOEOvTDqkKFsKksCi,Wild Thoughts (feat. Rihanna & Bryson Tiller)
77VLYTyrdlHEWcjhjQoXlz,Oh Child
1ZLrDPgR7mvuTco3rQK8Pk,Way Back Home (feat. Conor Maynard) - Sam Feldt Edit
4Q8aDd3H6LF8t4eY7So9O8,Light It Up (with Tyga & Chris Brown)
2dpaYNEQHiRxtZbfNsse99,Happier
6aoGtdWXBkYQ2O2wnyIz2x,Not Ok
0U372D2pbraSnrTFxSYlNj,No More Sad Songs (feat. Machine Gun Kelly)
03nPEoQOYMuDe7KmGljpmd,"No Brainer (feat. Justin Bieber, Chance the Rapper & Quavo)"
0Be8UMIf1NfSzqK9Dlnnz4,Shoop
3FLFsUqIsNX75Ryfo8UMiV,Get Ready for This - Running 150 BPM
2UVbBKQOdFAekPTRsnkzcf,Stir Fry
0JjM9bKm4wrwohMslcm892,Still Be Friends (feat. Tory Lanez & Tyga)
1z6CcHAbPpw2R23jDJmW1T,A Sweeter Place (feat. Kid Cudi)
2lMg3lCMOGistaWBNGjuT3,Blow the Whistle
0EAtqMkJ13QYAN7QDcFiDs,Taste of Bitter Love
4vH5RQSQ5XxPvjvgPqNZc3,What's My Name - Explicit Album Version
4Q41rpJdIHojk7HoLwqkoM,NO MORE I LOVE YOUS
017PF4Q3l4DBUiWoXk4OWT,Break My Heart
7hhclvecTpNxNNRCk7NUoc,Little L
4qv7YSyt5UV8LvrXyE8sGn,"Can You Feel It - 7"" Version"
29JrmE89KgRyCxBIzq2Ocw,Strip That Down (feat. Quavo)
1zE2UhvqACYwWZBi8Ydnl1,Superstition - Sami Dee's Flamantic Remix
5eNv19FqGYdiPdTZEKpgX3,Everyday
2VOomzT6VavJOGBeySqaMc,Disturbia
2gvlPqqngL3BppFCwLXnVc,Future
0SMGLmvHvyfQQFN4bUGNdK,Muévelo
7qdwxPtreqBCc41dLR7hCl,Hey Baby (Drop It to the Floor) (feat. T-Pain)
23aiisG9aUDdJwI4inkIMP,Dura
3cU87FEBxkysCuNHwjElxw,Dura
7cYNQkJoyHVhP8Drb2n6d5,Don’t Start Now (Kaytranada Remix)
7AkdM5ErBGorSpL6JxjSBC,Feel My Needs - Purple Disco Machine Extended Mix
6rfN7M8AsfpwKcePExTy3D,Endtimes in Vogue (Endtimes in Club Version)
1C15jKMUXcCSSgEHmqbqxP,Anubis - Radio Edit
1zpXyQvAVKVrvysZbg6WFG,Phantom of the Chakra
5UHrKSQhNs96msAx8LPVwS,Breach (Walk Alone)
5o9JV34izXSnaKVyMjaMdE,International Love (feat. Chris Brown)
32OlwWuMpZ6b0aN2RZOeMS,Uptown Funk (feat. Bruno Mars)
5hGSM1NIumwLgI0Y97X9xB,New Thang
0VjIjW4GlUZAMYd2vXMi3b,Blinding Lights
3180WDzph4WrS4sLSNcGfa,Wings
60nZcImufyMA1MKQY3dcCH,"Happy - From ""Despicable Me 2"""
1CiVz2WkmZRwhU3A6J2Gjz,Shake It Off
7j56HrjR9cGzvekvZY3Faz,HandClap
0ecA7bhTRuquuy7uSh0CXZ,Minority
3ImrX3XNU6UgSq49GmRBEf,Boom Boom Pow
65NxKecQKZd1Pb8xEP3GIS,What Do You Mean?
1SdwlHsv8bWHbAlIw5Jfgo,Laughter
1EntfuxWPYjI8ONzkfNb0W,Applause
5ZllLzbyP8IlPg5mQEYxIK,Human - Rudimental Remix
2QClgxYcgxxDD7EqOe1c3X,No Money - Dillon Francis Remix
2voXYNGH8QdnFptUePZ0zF,Apollo - Radio Edit
483XiZ5o13Cc1zoWV7jGml,Gecko (Overdrive) - Radio Edit
12vWALBkZujABqkEnr0tau,Great Spirit (Mixed)
1x5sYLZiu9r5E43kMlt9f8,Symphony (feat. Zara Larsson)
4HbUCLsH577PSdQOk2n2uo,Done With Love
3tY6hkoREzWBIkuU0JFOzE,Make It To Heaven (with Raye) - Extended
5AEs83CYoPApEjYEJGbTuJ,Party Till We Die (feat. Andrew W.K.)
2iIcc7E0ovv3lo6WIQVZ0K,2U (feat. Justin Bieber) - Afrojack Remix
27YP211Rr8RezhiFVDLFI8,Waiting For Tomorrow (feat. Mike Shinoda)
285HeuLxsngjFn4GGegGNm,"Hey Mama (feat. Nicki Minaj, Bebe Rexha & Afrojack)"
6lYdV7rTtv3dVpQ89htlRU,Calabria - Firebeatz Remix
39LmTF9RgyakzSYX8txrow,imagine
3dVvWnj4D8JGkKvo6Hucso,TROLLZ (with Nicki Minaj)
739vCwA3EpBSkk3uDsI2wB,Lemon (feat. Drake) - Drake Remix
2avKuMN2QXkaG9vvHa2JLt,Take A Look Around
0CAfXk7DXMnon4gLudAp7J,Low (feat. T-Pain)
5LTdRSQOg63EazLbKZbWn2,My Type (feat. City Girls & Jhené Aiko) - Remix
1i7tKveM6Wo3dG31c5OwAL,Runnin'
1fjeCX7YATNURFpo8v00ly,Light Years - 4 To Da Floor Mix
333OkWOgbV6C8I5wRLfuSx,I Got You (Always and Forever)
5yGPUIqeBiwWFk5kkFTx8D,1-800-273-8255 (Originally Performed by Logic feat. Alessia Cara & Khalid) - Karaoke
5ScMaEiUXf9BATTbDKNFq8,Where Are Ü Now (with Justin Bieber) - Marshmello Remix
7KXjTSCq5nL1LoYtL7XAwS,HUMBLE.
2yUy5eFAFWAichjrySJWA2,Happiness Over Everything (H.O.E.) (feat. Future & Miguel)
1g3ErLqysBJ5EIGdYYMWFZ,All Day Long
26rdOwwjC2UnweK3xeS58u,GDFR (feat. Sage the Gemini & Lookas)
1NgCWYuBLfqBDA3b8MgSVU,Twenty One
2RsTjad1nVUGrQmSoL1m8Y,Without Me
5UJshy5HDHdNEVqlJwzsQB,Versace on the Floor (Bruno Mars vs. David Guetta)
46XvcuEZFFInDilbYUNHBn,Say I Yi Yi
5vdp5UmvTsnMEMESIF2Ym7,Another One Bites The Dust - Remastered 2011
1I1wdcCLTUe8qeg8NGICq0,Without Me
5tA9oc26F4Upv8YvpOC1jK,A.B.C.
2Foc5Q5nqNiosCNqttzHof,Get Lucky (feat. Pharrell Williams & Nile Rodgers) - Radio Edit
1Sm14ee7LxZN2H9nafPupr,Never Let Me Go
6d9UZvhiqIAmtZ6EIse1LW,At Night - Purple Disco Machine Extended Remix
69uxyAqqPIsUyTO8txoP2M,Adventure of a Lifetime
1INJDnkwcvm5IQ9GmrzSa5,Le Freak / Chic Mystic / Spacer / Your Love Is Good / Upside Down / All American Girls / We Are Family / Celebration - En concert à l'Olympia; Live
1OzSfjFW08DTD51XoNnog7,"That's How You Know - From ""Enchanted""/Soundtrack Version"
48td6xvpokdYwvbl3JIiXP,Love Never Felt So Good
4PWaeUVCHIVbXlpXEuIcvR,Iesha
5CgNnRITZJkPqAmOJ7AQeS,Don’t Stop Till You Get Enough
2kulOHR2XY6YDZCWXb38hn,Wanna Be Startin' Somethin'
78LY3x7S9GLAxWRbSYUUN9,Give Me A Minute (feat. Jacqui George)
4z2z0IwVDSLWAvTm022hAr,Sambal
0azC730Exh71aQlOt9Zj3y,This Is What You Came For (feat. Rihanna)
5ug4vqGZ3eisGhY1IsziNX,Best Part of Me (feat. YEBBA)
1AI7UPw3fgwAFkvAlZWhE0,Take Me Back to London (feat. Stormzy)
10Nmj3JCNoMeBQ87uw5j8k,Dani California
1uXbwHHfgsXcUKfSZw5ZJ0,Run the World (Girls)
1EbXVXelBudLyGasyGj7Ot,Crazy in Love
0RWqE2ZaulvnN1i40qIhDh,Canned Heat
4TgxFMOn5yoESW6zCidCXL,Savage Love (Laxed – Siren Beat) [BTS Remix]
4LQhrcdW8rqkC6K0uTKpUO,Gangsta's Paradise / Lose Yourself / Let Me Blow Ya Mind / Candy Shop / The Real Slim Shady / The Next Episode / Without Me / Thong Song / Let's Get It Started
3y4QmC8lSWMwsTpR3jYjju,Next Level
2xda9V4jTo8AifNVxuJ4lQ,Out Of Control
7zHrHnVSQwI95FGHewXDl8,Do Bad Well (feat. Nevve)
0Sp0RwhaE0CdJE8ctmXk4U,Ready Or Not
1PYsy4cGp3egbeaQDjIGIa,Yottabyte
1lLveLAU3qJ0nhraLoRTAi,Turning Up (R3HAB Remix)
0cLw9hULeILDnp4wMbQQGL,Drop Dead
6RnkFd8Fqqgk1Uni8RgqCQ,Like I Do
5kF9PbklFhT0rG5J5jlrJF,The Nights - Avicii By Avicii
5KawlOMHjWeUjQtnuRs22c,Boy With Luv (feat. Halsey)
50v2TSRV31bwpAPkjWejNL,Really Love (feat. Craig David & Digital Farm Animals)
79weO6yONe0oyPFWXjJroW,Titanium (feat. Sia)
6W3MfwGv8dULl2gvb9u7Y5,One More Chance
6kyx6QAHU14XQsE2Rqn8hp,Let's Go (Extended Mix)
2xnoPV3NLescauc0ZJ1MDZ,Dance Again (feat. Pitbull)
4cBSVGEHvZCPGKq2UnB26P,Access
0HfBJq3iJ14I90SAX1NFgF,Call Me a Spaceman - Radio Edit
16wAOAZ2OkqoIDN7TpChjR,Yummy
2Ms266lSCEq5UBYegrj7ty,The Hum - Short Edit
1e246E5qlIws8vnueNnig8,What Do You Mean? - PARTY HITS REMIX
6iC7vapdKp0XlKhxOkp8QJ,BOOM
5MKSzTd1WtDDeELsAiuMvO,Beach Cruisin'
29gofni9hKJmMxlxiDSf2m,Jam-Master Jammin' - Long Version Remix
4oY2T9ur7Ll5b2kpBlcWcb,You Rock My World - Radio Edit
2hHLbkatPwOOmrNxTiD41L,I Really Like You
6cx06DFPPHchuUAcTxznu9,Head & Heart (feat. MNEK)
1NDxZ7cFAo481dtYWdrUnR,Pretty Girl - Cheat Codes X CADE Remix
5dZAbCa6FXbuUa1U1XioTS,Broken Arrows
0zzsyWc45eUcSjw4FNHxeN,Sine From Above (with Elton John)
24ySl2hOPGCDcxBxFIqWBu,Rain On Me (with Ariana Grande)
0KP5F1JO7gWfjDN3jeA27Q,The Edge Of Glory
4f2GB5ZC7vOUYPAg69N2Xw,September
2rPSVAyXzFzIRyRt0MgcRu,La Banda - DJ Vartan & Techcrasher Remix
49eplIHvgCLY8HAgcaWrUb,Fireball (feat. John Ryan)
0XddCYuoHRELfWxXBYAXsU,KinjaBang
7JpHIpv2k30LVlVYtqjPXz,Schniepel aus Eisen (Waka Waka)
1r3d5vpAieOhSzT2oCLs4z,Sex On the Beach - Andy LaToggo Remix
61s24wRVyG7NP9m7EjdDKL,Don’t Stop The Party
03goh4bpgto4jen4nsos3u,ABOUT TO DROP
42nSaPdT6g3ZIMHmKLlP2p,Let's Get Loud
2I44dbiAWJceNwnVfoAZjy,Fireball (feat. John Ryan) - Jump Smokers Remix
7F9vK8hNFMml4GtHsaXui6,Back to You (feat. Bebe Rexha & Digital Farm Animals)
0o0LTGxVpB2gG05hIUVrtF,Oh Child - LOVRA Remix
4saklk6nie3yiGePpBwUoc,Dynamite
5ry2OE6R2zPQFDO85XkgRb,Money In The Grave (Drake ft. Rick Ross)
5lWUeSYO61UYgNlFlqcwYl,Lighter (feat. KSI)
3TscfcEvPIXaWwsibdm3hB,Push It
3BhSbTz5Vohqi7sHNAox7w,Young Daisy
7dQGDSVjt1vS6BsDURjYhS,Treasure - Cash Cash Radio Mix
3nc420PXjTdBV5TN0gCFkS,Ocean (feat. Khalid)
7aAWrDRy3T52A95bDNfdlO,Voices (feat. TZAR)
3FQCJI2t5LTbsRPfYVBSVB,Battle Symphony
29W10ucu2eUqLy9eGbE05g,Call Me Home
3nbtUMjRUH5VDwhvvcPRF8,Tonight and Every Night
4cluDES4hQEUhmXj6TXkSo,What Makes You Beautiful
78qd8dvwea0Gosb6Fe6j3k,Boss Bitch
09IStsImFySgyp0pIQdqAc,The Middle
0upFohXrGxIIAjyaJmCkMU,"Tokyo Drift (Fast & Furious) - From ""The Fast And The Furious: Tokyo Drift"" Soundtrack"
3KliPMvk1EvFZu9cvkj8p1,Work Bitch
5woBL7INOKn8zYhsN9Bpq8,Danger
7LZT6DUOfTrkMxrSyGcYfd,Chill Techno DJ All Night Long (Migliore Burning Man in Italia Mello Amore Estivo Crossfit Fitness Club Remix)
5q8E2nHXKVxWoPdxzKDqUT,Vision Of Paradise
4r3E0F5aNhw5VcxZctY3Yc,I Wish I Could Be Happy - The Reflex Clubhouse Remix
5tuOGRYPjh5lV6M5zbNRNH,Let Me Take You There (feat. Laura White)
11seOdN5Oa1tMh4CLyGjbc,Keep Shining
7bnYyxLapKga3nZufqKnmK,Love on Me - CID Remix
5CCoCTMHmpTZSZa8THlRZN,Follow Me
5B03nSG8pLE48jh7kmasuL,Levels - Radio Edit
0U4Y2eJjZMXdwhyY4GLcQo,Oops!...I Did It Again - Remastered
7eoj0SR1em3UHyVONd6oWG,Mister Deejay - Radio Edit
6YVHoLox2eMJH7L8yq1gwt,Can You Feel The Groove - Club Mix
225vG9vU7QrnjJARJXnSpd,James Brown
6L89mwZXSOwYl76YXfX13s,Basket Case
6ZvLKwgPKlyZtDPkTWjPI7,This Groove
5tf1VVWniHgryyumXyJM7w,Sugar (feat. Francesco Yates)
4PrcN7bDjpwjCynPsGdvtc,Never Knew Love Like This - Remix
3y3brCCecHC3Db18aIOnny,"Carry On (from the Original Motion Picture ""POKÉMON Detective Pikachu"")"
4yKZACkuudvfd600H2dQie,Get Down On It
630svau24EHHzw1kNk0Bdq,You Be Love (feat. Billy Raffoul)
0We5TGc7c66ugaLgCWAg3k,Good Touch - Maurice Fulton Remix
004pVAPBqnU3eVRqdCLdud,Let the Rhythm Take Control - Bmonde Remix
157EYJlm1CLRdjmEw3dCqG,Just Around the Corner
67OcVGdHgzLykVUbaXwVYv,Icare
18nM6RyudhhHA7PFcMrcUj,Your First Time (feat. Paul Alexander) - Accapella
1GEBsLDvJGw7kviySRI6GX,You Belong With Me
6Ti3vXrki2JUvzaB7byUBi,Juice - Breakbot Mix
4xPljYYAHhx7Vq0BVFaDGy,"Clarinet Concerto in A Major, K. 622: I. Allegro"
1s3lN9mJhWzhNIw28SQTuf,Heavy
4y8OZW2dyWRobsi2w0C64W,Diamonds - Acoustic
4NESRGJOBilGC9s5HGZy7C,If You Feel It
5jraLddDPt0q6fXIHnNCA2,Pioneers
7eE6qUYmMVgmPxOi68zOIN,Slow Motion Cowboy - Hifi Sean Remix
7oKHbPSh2WjYiavAyaOYZ5,Keep On Dubbin' - With No Commercial Interruptions
4bfxLNw3Tfx5nL4Sh0Kovx,Never Had This Feeling
4SWTE38RT4U9nAsMWztDOX,Swimming Places - Purple Disco Machine Re-Work
7F2NuJYk5j0PW1a50eyfSN,My Hood
15fi2RJY78lcN9skolKdad,SOS
6Gj2Zb4Vwc6P4pKeXMaSv6,Love for Days - Kenny Dope Remix - Mixed
3koCCeSaVUyrRo3N2gHrd8,Let's Groove
0UuI04fLX0AFGIVqwzTZwZ,Perspex Sex - Ewan's Hi-NRG Remix
6ztstiyZL6FXzh4aG46ZPD,Boogie Wonderland
4yDuMs8ysxg3VYV18fcakb,Soca Funk
1tyNtDgyirJmSeCPFhGxZA,So Hooked On Your Lovin (Mousse T.'s Extended Disco Shizzle) / Bad Habit (feat. Lisa Millett) [Accapella] - Mixed
2fZQIJew3nkNe99s2PKzul,Bad Liar
5HktkLHDbjA6LTyRTBEzHy,Celebration
7xkQdy0cy5ymoWT7nedvLz,Whatcha Say
7eJMfftS33KTjuF7lTsMCx,death bed (coffee for your head)
2wsHtKgXtW83P4yTfFlH8s,Yummy
2o9LAypwGH4ctV0i9boo6d,Come Around Me
2CUFdVkKOIvBcQnvZ3zbLV,Intentions
6ZOXF7nbzCpPVNlC0AG1rF,Indigo
4EAV2cKiqKP5UPZmY6dejk,Everyday
6GSkLS2y4ZnnZsuRAj975K,Project Dreams
2cvOfKHOHgwQlLiuLKP2xR,Myself
2C10ajasWz1DCuCN2grXbU,Blueberry Faygo
4Hpib09wXgD84w4uwTPnYD,Tap In
0BtLqAsrnPuJascrlKIpMj,CAN’T STOP THIS!!
4jnFqNWeJCeCRHc4HCdxfd,Remember the Time
1EvZR0biWt8uVNCqZg0Fpi,Breaking News
2S5LNtRVRPbXk01yRQ14sZ,"I Don't Like It, I Love It (feat. Robin Thicke & Verdine White)"
2U6u4NcGmeIgkDjTMrIidr,Niggas in Paris
4L3Vw8hTyqJ1AdyypY4e61,Call Me Maybe
56vYOIpJlwhDoOLGF36EjI,Get Up Everybody (Get Up)
4NhDYoQTYCdWHTvlbGVgwo,GOOBA
2DQ1ITjI0YoLFzuADN1ZBW,No Limit
2VLahyfOp1t3SMuU2HeQvx,Last Smile
2igwFfvr1OAGX9SKDCPBwO,Empire State Of Mind
2ufmtcIFdFpuUYBPXK5f67,Graveyard
5FtID9cgz6hX35unvcxyHk,My Name Is
7iBIC3c07QXVSDnfqxYy3y,victory lap.
2g8HN35AnVGIk7B8yMucww,Big Poppa - 2005 Remaster
6C7ZgThn6Yan5MTZdAEEFw,Mama Said Knock You Out
0Y7di9ZCmB6Elad5WISaPc,Dedicate
51Fjme0JiitpyXKuyQiCDo,Lalala
2p32h0scvTZtJTEhm5Ci38,Straighten It Out.
6RtPijgfPKROxEzTHNRiDp,Rude
2BlIvqI6iRD69wmbWEWJBQ,I Love Myself (feat. Macklemore)
12Fkyg9lpmaz2zmKOfw2Y2,On The Road (feat. Meek Mill & Lil Baby)
1jg9clsGCDqOumfS0X5xm9,Living Proof
2oejEp50ZzPuQTQ6v54Evp,Call You Mine
6pjxUCDnHxOzTA8UQzYaNl,Stay - Jonas Blue Remix
7BKLCZ1jbUBVqRi2FVlTVw,Closer
2YUvrUJ0sznPVUI48W8Aeh,California Gurls - feat. Snoop Dogg
1nZzRJbFvCEct3uzu04ZoL,Part Of Me
0HPD5WQqrq7wPWR7P7Dw1i,TiK ToK
1gv4xPanImH17bKZ9rOveR,Raise Your Glass
67Io3gxHwfbUreBf114c0u,Mine
1P17dC1amhFzptugyAO7Il,Look What You Made Me Do
6R6ZoHTypt5lt68MWbzZXv,Sour Candy (with BLACKPINK)
5dyx8J5jiuDLqRDVk2Qc7K,Diamonds (with Normani)
2n3CaPGPLYnYAvTEwKCX8t,Mmm Yeah (feat. Pitbull)
476asboldJx73hXdKbBElQ,Overprotected - The Darkchild Remix - Remastered
3DXdjHnePKnh6oXw2ZgGSl,Smile
5PYQUBXc7NYeI1obMKSJK0,Never Really Over
0S5WBZRjyi7tTQprkYfPkz,Dessert (Remix) (Originally Performed By Dawin Feat. Silento)
5LskeIhrR7YqlbrPWZJRLe,(You Drive Me) Crazy [The Stop Remix!] - Remastered
4IcA3RQn5pEFm1xXOq7gCt,Roses (Originally Performed by the Chainsmokers Ft. Rozes) - Instrumental Version
6TAdq4dNZx3JN2vm6Pr4hi,Bad Romance
5yzKUcC2oclY3CwC8Hvjk3,TiK ToK - Wolfedelic Club Mix
7ANmgFJ8YDBh0uUOfSeYrX,Cut To The Feeling
6DvgsZ0NiEPV9qYM931T1F,Telephone
7bqvQH3LOSKifHuLhUJhQM,Womanizer - Benny Benassi Extended
5UnGLciTRCxTiIvgfLiUAo,Womanizer - Remastered
3OY9NKwRfYqNNpeogsm5eR,Kiss N Tell
3goSVuTt3fDYDP6kRnFwuL,Take A Bow
5d1rmWWF1725tnYjq6rMDB,Way To Break My Heart (feat. Skrillex)
2qRN7PWiHRLprw4FpDeI9N,Nothing On You (feat. Paulo Londra & Dave)
1DUSuNhF8P5vUGNPpQiZa5,My Bad
0kN8xEmgMW9mh7UmDYHlJP,Versace on the Floor
15JINEqzVMv3SvJTAXAKED,Love The Way You Lie
4ZHqll0Bhc1nr3hB4Eg7rg,Wobble
6PzOPrXx8tJEqace76yrv2,E.T.A.
35FjZytt5TukIgJD86UybL,I HATE EVERYBODY
0PoAZ7SLFpqpYR9LSCYAo8,CRY FOR ME
40nPimvmG05WYS7983bawZ,Cry for Me
6TRt2bniIq0EIlrDlje7b8,First Man
2ONOyrMhqho3oajY2tpC2n,My Oh My - Remix
4vUmTMuQqjdnvlZmAH61Qk,South of the Border (feat. Camila Cabello & Cardi B)
543bCW2ruMPmxUBWirQ3MR,Cross Me (feat. Chance the Rapper & PnB Rock)
1YMV4Nz0Ft2zIn4uMMXvtl,Are We Having a Problem (feat. Booney Bambino)
5T03itPFOPGGkvVPvPiyla,Put It All on Me (feat. Ella Mai)
3jVSV60WZE5jPE2a6KGNFy,Get Right
0AtP8EkGPn6SwxKDaUuXec,Remember The Name (feat. Eminem & 50 Cent)
3FHXUqaUer9o231Je1zxIN,I Don't Want Your Money (feat. H.E.R.)
7gz9mQYbgaZBMkv2FXbPa6,Beatiful People
4vIKzWqtn44umal5jXq4wE,1000 Nights (feat. Meek Mill & A Boogie Wit da Hoodie)
4kV4N9D1iKVxx1KLvtTpjS,"break up with your girlfriend, i'm bored"
1Bdptrvb7nQkq8kCw3siE9,Feels (feat. Young Thug & J Hus)
6EbduYTr62sSzvl36wWiFM,BLOW (with Chris Stapleton & Bruno Mars)
3HVWdVOQ0ZA45FuZGSfvns,I Don't Care (with Justin Bieber)
55ZcA6PazdlXjE1jO5GrzJ,Ashley
7ozvM98YyrdyOBh1lItVHc,clementine
7lidXGPXPYLNThITAOTlkK,You should be sad
6BORJ0ZazxMBpM3cWg79Id,Forever ... (is a long time)
1OfLNb6dQ9dra1B58iT9Ex,3am
5p7ujcrUXASCNwRaWNHR1C,Without Me
5YvcUK2eXJ2OllqDuEg18S,Finally // beautiful stranger
1H3Okhf16ttAICZF7zgDko,killing boys
2bAAj29XGc4h1G4oEGYCmg,MORE & MORE
2Mfv5HaqnI18Q9JRv9hqnn,Still Learning
2U4y6xFoAQBulbH8gec7Sn,929
6ZmwwHYtun94UOdFWWgdif,Alanis’ Interlude
4RVtBlHFKj51Ipvpfv5ER4,Drown (feat. Clinton Kane)
5aUSEPNd3m5xliFK4pn5mU,Good Thing (with Kehlani)
4pCaBJPDbw1HFzwsQZlIgb,Room to Fall
18YRKiIZO4qDEc5Ik0Cry6,FRIENDS - R3hab Remix
0vbtURX4qv1l7besfwmnD8,I Took A Pill In Ibiza - Seeb Remix
48KXAIruJ07kJVCWOGohMV,P*Y Fairy (OTW)
2hloaUoRonYssMuqLCBLTX,bloodline
7uoulrMQgFZFAIEpRPvewL,Sledgehammer
6y0Etr2KJr0sdcEp7ajoUK,Cosmic Girl - Remastered
2ILu9Dyb8D2x5N3ym3cNHZ,Good Life (with G-Eazy & Kehlani)
7gvd8xj4QgPqbQSsn5pV7d,Sorry Not Sorry
7F5LHQKsXbgQjsCXR40JJl,I Know You Got Soul - J.PERIOD Live Remix
3Si8y5xSh5wcn26l2yqV84,Cold Water (feat. Justin Bieber & MØ)
0pE89jFuJUdGDnxsnpiTeo,Good Times Roll
1v7L65Lzy0j0vdpRjJewt1,"Lose Yourself - From ""8 Mile"" Soundtrack"
4NQnCsHJUdiAQzSxIe2aWh,"Bubble Butt (feat. Bruno Mars, Tyga & Mystic)"
3CAa97w9d6v3vi2nXSdbNq,Touch It
2Kv3JWOzRJsaen5vjmTVJL,Expensive (feat. Nicki Minaj)
0HSWumdK7aG4M3ORAb5z8t,Space Jam
5CLrEjpbnLl0cHaSBQprlC,Stargazing (feat. Bergen Philharmonic Orchestra) - Orchestral Version
3frUvGrmGcay91lvFbOgsN,Like It Is
72jbDTw1piOOj770jWNeaG,Paris
3DMiBRGKhVKQfUqmmWEvQb,Let Me Love You (feat. Justin Bieber) - Don Diablo Remix
7MGCdXA9hghopcTiSmYFus,Knockout
5KY4cDf83wJ03EUCJ3rkaf,Waiting For Love
698ItKASDavgwZ3WjaWjtz,Faded